{
    // Required （必须）
    "manifest_version": 2,
    "name": "报数 CC",
    "version": "0.0.2",


    // Recommended （选填）
    "description": "淘巴士企业 报数 CC",

    "icons" : {
        "16" : "./icon/icon@16x16.png",
        "48" : "./icon/icon@48x48.png",
        "128" : "./icon/icon@128x128.png"
    },

    // Pick one (二选一)

    // browser_action表示程序图标会出现在地址栏右侧，若要出现在地址栏，则写成page_action
    "browser_action": {
        "default_title": "报数 CC",
        "default_icon": {
            "16" : "./icon/icon@16x16.png",
            "48" : "./icon/icon@48x48.png",
            "128" : "./icon/icon@128x128.png"
        },
        "default_popup": "popup.html"
    },


    "page_action": {
        "default_title": "报数 CC",
        "default_icon": {
            "16" : "./icon/icon@16x16.png",
            "48" : "./icon/icon@48x48.png",
            "128" : "./icon/icon@128x128.png"
        },
        "default_popup": "popup.html"
    },


    "content_scripts":[
        {
            "matches":["*:qyn.taobus.com.cn/*"],
            "js":["js/common.js"]
        }
    ],

    "content_scripts":[
        {
            "matches":[
                "*:qyn.taobus.com.cn/mgWeb/*",
                "http:qyn.taobus.com.cn/shop/admin/busTripTicketAction!list.do"
            ],
            "js":[
                "js/lib/jquery-3.2.1.min.js",
                "js/content_script.js"
            ]
        }
    ],

    "background": {
        "scripts":[
            "js/lib/jquery-3.2.1.min.js",
            "js/background.js"
        ]
    },

    // Optional （一些权限的配置）

    "permissions": [
        "activeTab",
        "storage",
        "cookies",
        "*://qyn.taobus.com.cn/*"
    ]
    //,
    //"optional_permissions": [
    //    "tabs",
    //    "http://*/*",
    //    "https://*/*"
    //]



    //"action": ...,
    //"author": ...,
    //"automation": ...,
    //"background": {
    //    // Recommended
    //    "persistent": false
    //},
    //"background_page": ...,
    //"chrome_settings_overrides": {...},
    //"chrome_ui_overrides": {
    //    "bookmarks_ui": {
    //        "remove_bookmark_shortcut": true,
    //        "remove_button": true
    //    }
    //},
    //"chrome_url_overrides": {...},
    //"commands": {...},
    //"content_capabilities": ...,
    //"content_scripts": [{...}],
    //"content_security_policy": "policyString",
    //"converted_from_user_script": ...,
    //"current_locale": ...,
    //"declarative_net_request": ...,
    //"devtools_page": "devtools.html",
    //"event_rules": [{...}],
    //"externally_connectable": {
    //    "matches": ["*://*.example.com/*"]
    //},
    //"file_browser_handlers": [...],
    //"file_system_provider_capabilities": {
    //    "configurable": true,
    //    "multiple_mounts": true,
    //    "source": "network"
    //},
    //"homepage_url": "http://path/to/homepage",
    //"import": [{"id": "aaaaaaaaaaaaaaaaaaaaaaaaaaaaaaaa"}],
    //"incognito": "spanning, split, or not_allowed",
    //"input_components": ...,
    //"key": "publicKey",
    //"minimum_chrome_version": "versionString",
    //"nacl_modules": [...],
    //"oauth2": ...,
    //"offline_enabled": true,
    //"omnibox": {
    //    "keyword": "aString"
    //},
    //"optional_permissions": [
    //    "tabs", "http://*/*", "https://*/*"
    //],
    //"options_page": "options.html",
    //"options_ui": {
    //    "chrome_style": true,
    //    "page": "options.html"
    //},
    //"permissions": ["tabs"],
    //"platforms": ...,
    //"requirements": {...},
    //"sandbox": [...],
    //"short_name": "Short Name",
    //"signature": ...,
    //"spellcheck": ...,
    //"storage": {
    //    "managed_schema": "schema.json"
    //},
    //"system_indicator": ...,
    //"tts_engine": {...},
    //"update_url": "http://path/to/updateInfo.xml",
    //"version_name": "aString",
    //"web_accessible_resources": [...]


}
